Feature name,Distribution,Reject pvalue,Params
Distribution_1,uniform,0.942092404520339,"(1.024889766, 99.970130334)"
Distribution_2,gamma,0.8090841266096345,"(26203.82501103616, -321.59002386178224, 0.01231085782388334)"
Distribution_3,gamma,0.9752796449809968,"(0.9864547636044176, 2.1599999999999956e-05, 2.0141439299022377)"
