Variable,pvalue,coef,fdr
target,3.7591714904928348e-06,1.6067379008868001,3.7591714904928348e-06
